{
	"format_version": "1.8.0",
	"animations": {
		"Wink": {
			"loop": true,
			"animation_length": 4.33333,
			"bones": {
				"Head": {
					"rotation": {
						"0.0": [0, 0, 0],
						"0.125": [0, -15.96, 0],
						"0.375": [0, -30.96, 0],
						"0.625": [0, -48.46, 0],
						"0.75": [0, -40.96, 0],
						"1.25": [0, -40.96, 0],
						"1.4167": [-6.46432, -40.53586, 9.8893],
						"1.5833": [-14.62955, -38.69628, 22.6616],
						"3.1667": [-14.62955, -38.69628, 22.6616],
						"3.6667": [0, 0, 0]
					}
				},
				"Eye_SX": {
					"scale": {
						"0.8333": [1, 1, 1],
						"0.9167": [1, 0.1, 1],
						"1.0833": [1, 1, 1],
						"1.2917": [1, 1, 1],
						"1.375": [1, 0.3, 1],
						"1.5417": [1, 1, 1]
					}
				},
				"Eye_DX": {
					"scale": {
						"0.8333": [1, 1, 1],
						"0.9167": [1, 0.1, 1],
						"1.0833": [1, 1, 1],
						"1.2917": [1, 1, 1],
						"1.375": [1, 0.3, 1],
						"1.5417": [1, 1, 1],
						"1.875": [1, 1, 1],
						"2.0": [1, 0.1, 1],
						"2.375": [1, 0.1, 1],
						"2.4583": [1, 1, 1]
					}
				},
				"Neck": {
					"rotation": {
						"0.0": [0, 0, 0],
						"0.625": [0, -20, 0],
						"3.375": [0, -20, 0],
						"3.6667": [0, 0, 0]
					}
				},
				"Ant_SX": {
					"rotation": {
						"0.0": [0, 0, 0],
						"0.125": [0, 0, 27.5],
						"0.4167": [0, 0, 45],
						"0.5833": [0, 0, 27.5],
						"0.75": [0, 0, -30],
						"0.8333": [0, 0, 12.5],
						"0.9167": [0, 0, -7.5],
						"1.0417": [0, 0, 0],
						"1.25": [0, 0, 0],
						"1.375": [0, 0, -10],
						"1.5833": [0, 0, 7.5],
						"1.6667": [0, 0, -2.5],
						"3.1667": [0, 0, -2.5],
						"3.375": [0, 0, -12.5],
						"3.6667": [0, 0, 12.5],
						"3.7917": [0, 0, 0],
						"3.8333": [0, 0, -12.5],
						"4.0": [0, 0, 0],
						"4.3333": [0, 0, 0]
					}
				},
				"Ant_DX": {
					"rotation": {
						"0.0": [0, 0, 0],
						"0.125": [0, 0, 27.5],
						"0.4167": [0, 0, 40],
						"0.5833": [0, 0, 27.5],
						"0.75": [0, 0, -27.5],
						"0.8333": [0, 0, 7.5],
						"0.9167": [0, 0, -7.5],
						"1.0417": [0, 0, 0],
						"1.25": [0, 0, 0],
						"1.375": [0, 0, -10],
						"1.5833": [0, 0, 7.5],
						"1.6667": [0, 0, -2.5],
						"3.1667": [0, 0, -2.5],
						"3.375": [0, 0, -10],
						"3.6667": [0, 0, 12.5],
						"3.7917": [0, 0, 0],
						"3.8333": [0, 0, -15],
						"4.0417": [0, 0, 0],
						"4.3333": [0, 0, 0]
					}
				},
				"Arm_SX": {
					"rotation": {
						"0.0": [0, 0, 0],
						"0.75": [0, 0, 0],
						"1.0833": [0, 0, -32.5],
						"1.3333": [0, 0, -60],
						"1.6667": [7.38443, 0.75155, -77.48436],
						"2.8333": [0, 0, -60],
						"3.6667": [0, 0, 0]
					},
					"position": {
						"0.0": [0, 0, 0],
						"0.75": [0, 0, 0],
						"1.0833": [0, 3, 0],
						"1.3333": [-1, 4, 0],
						"2.8333": [-1, 4, 0],
						"3.6667": [0, 0, 0]
					}
				},
				"Forearm": {
					"rotation": {
						"0.0": [0, 0, 0],
						"0.75": [0, 0, 0],
						"1.0833": [-35, 0, 0],
						"1.3333": [-56.04342, -24.1782, -18.32252],
						"1.4583": [-64.94884, -46.43019, -5.93958],
						"1.6667": [-115.13201, -66.87224, 28.27626],
						"1.9167": [-133.81079, -73.37322, 66.67413],
						"2.0833": [-133.81079, -73.37322, 66.67413],
						"2.2917": [-133.81079, -73.37322, 66.67413],
						"2.4583": [3.23606, -64.03461, -72.93949],
						"2.625": [-31.76394, -64.03461, -72.93949],
						"2.8333": [10.73606, -64.03461, -72.93949],
						"3.0": [-56.04342, -24.1782, -18.32252],
						"3.6667": [0, 0, 0]
					}
				}
			}
		},
		"Walk_Test_2": {
			"loop": true
		}
	}
}
